pin_id,source_keyword,pin_type,title,save_count,reaction_count,reaction_save_ratio,created_at,date_unknown,image_url,local_image_path,outbound_link,domain,is_ecommerce,commercial_intent_score,make_similar_score,reject_reason,source_url,scraped_at,download_status,download_error
6755468185169951,vintage home decor,product_lead,"""Cottagecore Mystery Gift Box – Perfect for Vintage & Nature Lovers""",7628,393,393.0,2024-12-29T17:33:24+00:00,False,https://i.pinimg.com/originals/47/e8/c4/47e8c408f979ab1bb90dee1c56515b8f.jpg,vibe_library\images\6755468185169951.jpg,https://rainbowunicornbirthdaysurprise.com/products/cottagecore-mystery-box?_pos=3&_sid=3e9794787&_ss=r,rainbowunicornbirthdaysurprise.com,False,7,8,,https://www.pinterest.com/search/pins/?q=vintage%20home%20decor,2026-05-14T12:08:53.559540+00:00,success,
5136987071016190,vintage home decor,product_lead,,893,91,91.0,2026-03-06T00:22:48+00:00,False,https://i.pinimg.com/originals/d8/fd/e7/d8fde767bc0870d3da26cf00a74a1edb.jpg,vibe_library\images\5136987071016190.jpg,https://homifying.com/how-to-style-a-retro-kitchen-that-looks-pinterest-perfect/,homifying.com,False,4,4,,https://www.pinterest.com/search/pins/?q=vintage%20home%20decor,2026-05-14T12:08:53.559540+00:00,success,
1130122100265346172,vintage home decor,product_lead,,109,120,120.0,2026-05-07T00:10:49+00:00,False,https://i.pinimg.com/originals/44/b6/ed/44b6ed8cb16a965445e331db31cb98b0.webp,vibe_library\images\1130122100265346172.jpg,https://www.etsy.com/listing/4425734065/sherwin-williams-modern-farmhouse-paint,etsy.com,True,6,4,,https://www.pinterest.com/search/pins/?q=vintage%20home%20decor,2026-05-14T12:08:53.559540+00:00,success,
2251868559254582,vintage home decor,both,,4576,313,313.0,2026-03-17T20:26:33+00:00,False,https://i.pinimg.com/originals/64/24/f4/6424f4897ecd1303abaadafd36f1e46d.jpg,vibe_library\images\2251868559254582.jpg,https://homifying.com/the-real-design-rules-behind-cozy-cottagecore-living-rooms/,homifying.com,False,5,5,,https://www.pinterest.com/search/pins/?q=vintage%20home%20decor,2026-05-14T12:08:53.559540+00:00,success,
68747924248,vintage home decor,product_lead,Stylish Victorian hallway storage Solutions for Small Spaces,4949,257,257.0,2024-09-03T22:04:05+00:00,False,https://i.pinimg.com/originals/15/ef/f5/15eff576cc5ff2e13ffba18d263cc679.jpg,vibe_library\images\68747924248.jpg,https://edwardgeorgelondon.com/blogs/home-garden/victorian-hallway-designs?utm_source=pinterest&utm_medium=+&utm_id=victorian-hallway-designs,edwardgeorgelondon.com,False,5,6,,https://www.pinterest.com/search/pins/?q=vintage%20home%20decor,2026-05-14T12:08:53.559540+00:00,success,
68749738285,vintage home decor,both,,1061,110,110.0,2026-01-25T21:01:29+00:00,False,https://i.pinimg.com/originals/97/19/1b/97191b5ad8face41c583d5c61935e73f.webp,vibe_library\images\68749738285.jpg,https://fussfreehome.com/vintage-bookshelves/,fussfreehome.com,False,5,5,,https://www.pinterest.com/search/pins/?q=vintage%20home%20decor,2026-05-14T12:08:53.559540+00:00,success,
4362930884808236,vintage home decor,product_lead,At Home with Andrea Zanatelli,37,42,42.0,2026-04-12T22:18:05+00:00,False,https://i.pinimg.com/originals/20/60/fd/2060fdc42dd4bc965683c65aabe6404e.jpg,vibe_library\images\4362930884808236.jpg,https://us.houseofhackney.com/products/mey-meh-velvet-sienna?_pos=1&_psq=mey&_ss=e&_v=1.0,us.houseofhackney.com,False,4,7,,https://www.pinterest.com/search/pins/?q=vintage%20home%20decor,2026-05-14T12:08:53.559540+00:00,success,
4081455907360023,vintage home decor,product_lead,10 BEST SMALL APARTMENT READING NOOK IDEAS,502,23,23.0,2025-09-22T00:57:56+00:00,False,https://i.pinimg.com/originals/73/e2/0d/73e20de43b2645ed015f9eb5dacbef3b.jpg,vibe_library\images\4081455907360023.jpg,https://soliaavenue.com/small-apartment-reading-nook-ideas/,soliaavenue.com,False,4,7,,https://www.pinterest.com/search/pins/?q=vintage%20home%20decor,2026-05-14T12:08:53.559540+00:00,success,
68748769304,vintage home decor,product_lead,Eclectic Bedroom Decor Ideas: Cozy Greenery & Vintage Charm,12076,715,715.0,2025-04-09T19:56:53+00:00,False,https://i.pinimg.com/originals/39/00/43/3900436d53aec5747468fda97e20a26a.jpg,vibe_library\images\68748769304.jpg,https://farmfoodfamily.com/eclectic-bedroom-ideas/,farmfoodfamily.com,False,7,9,,https://www.pinterest.com/search/pins/?q=vintage%20home%20decor,2026-05-14T12:08:53.559540+00:00,success,
8725793025655170,vintage home decor,product_lead,,567,47,47.0,2026-02-07T12:54:15+00:00,False,https://i.pinimg.com/originals/78/73/8c/78738c8cbc9b8fb3dea8d272bcda33bf.webp,vibe_library\images\8725793025655170.jpg,https://edwardgeorgelondon.com/dark-rustic-kitchen-ideas-that-feel-warm-and-inviting/,edwardgeorgelondon.com,False,4,4,,https://www.pinterest.com/search/pins/?q=vintage%20home%20decor,2026-05-14T12:08:53.559540+00:00,success,
351912467123790,vintage home decor,both,Vintage Bedroom Decor Ideas You’ll Want to Copy,3851,225,225.0,2026-02-09T20:24:48+00:00,False,https://i.pinimg.com/originals/14/09/03/1409030f97f6bb5bec191b66562afa36.png,vibe_library\images\351912467123790.jpg,https://utterlyhome.com/vintage-bedroom-ideas/,utterlyhome.com,False,7,8,,https://www.pinterest.com/search/pins/?q=vintage%20home%20decor,2026-05-14T12:08:53.559540+00:00,success,
1266706141535300,vintage home decor,product_lead,,130,57,57.0,2025-11-08T23:27:41+00:00,False,https://i.pinimg.com/originals/7a/c3/1e/7ac31e97ac3b71fe24cd4918913385fe.webp,vibe_library\images\1266706141535300.jpg,https://edwardgeorgelondon.com/victorian-mudroom-secrets-designers-never-share-publicly/,edwardgeorgelondon.com,False,4,4,,https://www.pinterest.com/search/pins/?q=vintage%20home%20decor,2026-05-14T12:08:53.559540+00:00,success,
68749763880,vintage home decor,both,,5390,146,146.0,2026-02-02T19:23:56+00:00,False,https://i.pinimg.com/originals/fe/20/e0/fe20e087d2431721e73194b9d2f79e8e.jpg,vibe_library\images\68749763880.jpg,https://www.nikkisplate.com/grandmacore-kitchen-decor-ideas/,nikkisplate.com,False,5,5,,https://www.pinterest.com/search/pins/?q=vintage%20home%20decor,2026-05-14T12:08:53.559540+00:00,success,
1125968743502732,vintage home decor,product_lead,,91,25,25.0,2026-03-16T01:02:07+00:00,False,https://i.pinimg.com/originals/ca/1b/f7/ca1bf7fc9e5a09ab0d84653850e78d94.jpg,vibe_library\images\1125968743502732.jpg,https://www.storynorth.com/dark-academia-living-room-ideas/,storynorth.com,False,4,4,,https://www.pinterest.com/search/pins/?q=vintage%20home%20decor,2026-05-14T12:08:53.559540+00:00,success,
492649954571112,vintage home decor,both,12 Apothecary Kitchen Ideas for a Timeless Vintage Look,2811,148,148.0,2025-11-24T15:06:23+00:00,False,https://i.pinimg.com/originals/77/9c/01/779c0145b75d15bcf7b56b3707dbbff0.jpg,vibe_library\images\492649954571112.jpg,https://theolivebranchnest.com/apothecary-kitchen-ideas/,theolivebranchnest.com,False,5,8,,https://www.pinterest.com/search/pins/?q=vintage%20home%20decor,2026-05-14T12:08:53.559540+00:00,success,
7107311908756641,vintage home decor,product_lead,,71,66,66.0,2026-04-03T18:14:40+00:00,False,https://i.pinimg.com/originals/e4/5a/68/e45a68b8938b8f347d4a73f73a21000f.webp,vibe_library\images\7107311908756641.jpg,https://thetrophywifestyle.com/granny-chic-decor-vintage-homes-cottage-style/,thetrophywifestyle.com,False,4,4,,https://www.pinterest.com/search/pins/?q=vintage%20home%20decor,2026-05-14T12:08:53.559540+00:00,success,
4222193395878224,vintage home decor,both,,1768,310,310.0,2026-02-01T16:58:47+00:00,False,https://i.pinimg.com/originals/37/64/93/376493c9ff16835b516f51e5d7035a6e.webp,vibe_library\images\4222193395878224.jpg,https://thetrophywifestyle.com/dark-victorian-bedroom/,thetrophywifestyle.com,False,5,5,,https://www.pinterest.com/search/pins/?q=vintage%20home%20decor,2026-05-14T12:08:53.559540+00:00,success,
281543726794495,vintage home decor,product_lead,,628,292,292.0,2026-03-31T13:40:07+00:00,False,https://i.pinimg.com/originals/13/16/0d/13160ddadfbf3d9f647a75e302957bb2.png,vibe_library\images\281543726794495.jpg,https://miafolio.com/french-inspired-bathroom-interiors/,miafolio.com,False,4,4,,https://www.pinterest.com/search/pins/?q=vintage%20home%20decor,2026-05-14T12:08:53.559540+00:00,success,
1115344663981032687,vintage home decor,both,Vintage Rose Curtains Blooming Under Warm Sunset,1730,70,70.0,2025-11-29T04:01:25+00:00,False,https://i.pinimg.com/originals/c7/a4/4a/c7a44a91b6864b89c2e51d2d5d72c83f.jpg,vibe_library\images\1115344663981032687.jpg,https://unicurt.com/Klara/,unicurt.com,False,5,8,,https://www.pinterest.com/search/pins/?q=vintage%20home%20decor,2026-05-14T12:08:53.559540+00:00,success,
492649954810955,vintage home decor,both,,1270,73,73.0,2026-02-22T13:58:43+00:00,False,https://i.pinimg.com/originals/37/f0/63/37f0630d491776c80852bafc6880a24f.jpg,vibe_library\images\492649954810955.jpg,https://simplyhomeandhealth.com/cottage-kitchen-design-essentials/,simplyhomeandhealth.com,False,5,5,,https://www.pinterest.com/search/pins/?q=vintage%20home%20decor,2026-05-14T12:08:53.559540+00:00,success,
140806234419587,vintage home decor,product_lead,,855,50,50.0,2025-09-20T16:50:17+00:00,False,https://i.pinimg.com/originals/26/55/d4/2655d4202433839e72089a5eb7111524.jpg,vibe_library\images\140806234419587.jpg,https://www.momooze.com/dark-cozy-vintage-maximalism-decor-ideas-bedroom-living-room-bathroom-more/,momooze.com,False,4,4,,https://www.pinterest.com/search/pins/?q=vintage%20home%20decor,2026-05-14T12:08:53.559540+00:00,success,
351912467204885,vintage home decor,both,,6992,821,821.0,2026-03-12T17:42:35+00:00,False,https://i.pinimg.com/originals/ba/33/77/ba33779ef9bf64ec87d90d3f591502cb.jpg,vibe_library\images\351912467204885.jpg,https://homifying.com/the-quiet-rules-behind-every-great-grunge-apartment/,homifying.com,False,5,5,,https://www.pinterest.com/search/pins/?q=vintage%20home%20decor,2026-05-14T12:08:53.559540+00:00,success,
3307399722010235,vintage home decor,product_lead,(New Release) Home Wall Decor,3044,258,258.0,2025-11-02T01:38:09+00:00,False,https://i.pinimg.com/originals/0f/2e/d9/0f2ed92a3961fcde7b8aae201ee32289.jpg,vibe_library\images\3307399722010235.jpg,https://www.amazon.com/(New-Release)-Home-Wall-Decor3707/dp/B09QFWX7RL?dchild=1&keywords=home-wall-decor&qid=1621908680&s=home-wall-decor&sr=1-2&linkCode=ll1&tag=dmtdp-homedecor20-20&linkId=vh2mdi3esy07wszfj820220815082418&language=en_US&ref_=as_li_ss_tl,amazon.com,True,9,8,,https://www.pinterest.com/search/pins/?q=vintage%20home%20decor,2026-05-14T12:08:53.559540+00:00,success,
211174979031170,vintage home decor,product_lead,,611,58,58.0,2026-01-19T14:43:49+00:00,False,https://i.pinimg.com/originals/76/9f/e7/769fe7d04334de6fcfbf39364518d720.jpg,vibe_library\images\211174979031170.jpg,https://jennhohl0406.com/2025/05/07/rustic-entryway-decor-3f8jklh2wx-2/,jennhohl0406.com,False,4,4,,https://www.pinterest.com/search/pins/?q=vintage%20home%20decor,2026-05-14T12:08:53.559540+00:00,success,
78953799713783840,vintage home decor,product_lead,Classic Vintage Bedroom Feel With Full Mirror & Floral Bedding 🌹🤌🏼,38,25,25.0,2026-05-08T18:56:58+00:00,False,https://i.pinimg.com/originals/d1/85/fc/d185fc2b72b3c6fe688999ca65c59a85.jpg,vibe_library\images\78953799713783840.jpg,"https://www.amazon.com/Bedsure-Botanical-Floral-Soft-Comforter/dp/B0BLZ14S4B?crid=VX26E2TNIYCS&dib=eyJ2IjoiMSJ9.t38KZtRmAtCJeWe7EGQz0WwEctQm9_wpncPRLs2Wlyd7t-Kz_dadyqKuZj_OjYtdFG6XPrwA1fay49JKt_-h9sC4_D0LJFRGyTUSaBjezGVigxmcaF4m9ZwEvNUkKR5ZTM94Ap4ookZKWIZ_ANadhb7rnW-9DCMEYHeGy0kEGIdJSFPoRilWhPpTHpAI-UQ4mBA-HYBttl7c_BEk0KP_MRpbvmhYa7Gen7o_rfZyOtzGRPuFvkG21ozqkBwqPd91zwJ3ysu9yRaUOeJCrMRupmE8d18k8FThXpYy571sbNQ.9jG5N16iWQHQMf51uLNG0qzTOrmHHHuOOA6TqCT4QWU&dib_tag=se&keywords=Flower%2Bbedding&qid=1777145265&sprefix=flower%2Bbedding%2B,aps,411&sr=8-4-spons&sp_csd=d2lkZ2V0TmFtZT1zcF9hdGY&th=1&linkCode=ll2&tag=avelynhome-20&linkId=4ebe91d713117dd4db76b2994ccc5eac&language=en_US&ref_=as_li_ss_tl",amazon.com,True,6,7,,https://www.pinterest.com/search/pins/?q=vintage%20home%20decor,2026-05-14T12:08:53.559540+00:00,success,
20055160838105780,vintage home decor,product_lead,,2068,39,39.0,2024-07-23T20:16:41+00:00,False,https://i.pinimg.com/originals/03/d2/91/03d291d32c3270374ec99973acf994e5.jpg,vibe_library\images\20055160838105780.jpg,https://www.anthropologie.com/anthroliving/shop/wooded-manor-shelf,anthropologie.com,False,5,5,,https://www.pinterest.com/search/pins/?q=vintage%20home%20decor,2026-05-14T12:08:53.559540+00:00,success,
985231164998888,vintage home decor,product_lead,Dreamy Dark Cottagecore Paradise: Goth Cottage Core Home Decor Ideas,3482,691,691.0,2025-10-27T17:19:10+00:00,False,https://i.pinimg.com/originals/47/01/3e/47013ec6812f6bb7dd7ec5ec796186e3.png,vibe_library\images\985231164998888.jpg,https://www.edwardgeorgelondon.com/how-to-achieve-the-dark-cottagecore-house-aesthetic-the-complete-guide/,edwardgeorgelondon.com,False,7,8,,https://www.pinterest.com/search/pins/?q=vintage%20home%20decor,2026-05-14T12:08:53.559540+00:00,success,
5418462047404458,vintage home decor,product_lead,,167,14,14.0,2026-02-06T23:07:24+00:00,False,https://i.pinimg.com/originals/80/4d/25/804d25310bc1b2aefcb3db3f158667e2.jpg,vibe_library\images\5418462047404458.jpg,https://apartmentabc.com/small-victorian-bathroom/,apartmentabc.com,False,4,4,,https://www.pinterest.com/search/pins/?q=vintage%20home%20decor,2026-05-14T12:08:53.559540+00:00,success,
2111131073528493,vintage home decor,product_lead,,977,212,212.0,2026-02-13T12:39:40+00:00,False,https://i.pinimg.com/originals/47/be/29/47be2963b38ae9b91da40ef6e5948c0a.jpg,vibe_library\images\2111131073528493.jpg,https://smallerliving.org/2026/01/12/step-inside-this-old-soul-country-tiny-home-and-unwind-slowly-the-interior-is-truly-stunning/?src=fbfan_101076&t=fbsub_tinyhometours_xp&fbclid=IwY2xjawPckJJleHRuA2FlbQIxMABicmlkETFQRVNwbTBpbDRJMGxaaGhrc3J0YwZhcHBfaWQQMjIyMDM5MTc4ODIwMDg5MgABHlL7X3aZTqbCdWQ-tLKjMXd1Ny0NvkfSIAa_R6OUwjIzEiyIHOpd7TjmDJ57_aem_gRzAC6zUITwo7OBhGnGfQA,smallerliving.org,False,4,4,,https://www.pinterest.com/search/pins/?q=vintage%20home%20decor,2026-05-14T12:08:53.559540+00:00,success,
1477812375317385,vintage home decor,product_lead,"Cottagecore Bedroom Ideas That Feel Cozy, Vintage & Effortlessly Chic and Perfect for Small Spaces",19,53,53.0,2026-05-06T13:19:25+00:00,False,https://i.pinimg.com/originals/4d/b5/a3/4db5a33765fd29a0e46691fc7489b1c3.png,vibe_library\images\1477812375317385.jpg,https://cottageandclutter-freeliving.com/blog-post3,cottageandclutter-freeliving.com,False,4,7,,https://www.pinterest.com/search/pins/?q=vintage%20home%20decor,2026-05-14T12:08:53.559540+00:00,success,
1266706139923975,vintage home decor,product_lead,,383,245,245.0,2024-07-30T16:02:10+00:00,False,https://i.pinimg.com/originals/58/07/bd/5807bd1a2409e288864f1c51f706d914.jpg,vibe_library\images\1266706139923975.jpg,https://ladydecluttered.com/22-cottage-core-kitchen-decor-ideas/,ladydecluttered.com,False,4,4,,https://www.pinterest.com/search/pins/?q=vintage%20home%20decor,2026-05-14T12:08:53.559540+00:00,success,
211174978210929,vintage home decor,product_lead,,2827,310,310.0,2025-04-18T19:28:09+00:00,False,https://i.pinimg.com/originals/cc/c1/96/ccc196524ddc07d4ba1d7b4187e40c93.jpg,vibe_library\images\211174978210929.jpg,https://aestherliving.com/21-gorgeous-coffee-bar-station-ideas-that-will-inspire/,aestherliving.com,False,5,5,,https://www.pinterest.com/search/pins/?q=vintage%20home%20decor,2026-05-14T12:08:53.559540+00:00,success,
1196337405475318,vintage home decor,product_lead,,195,64,64.0,2026-03-29T20:54:13+00:00,False,https://i.pinimg.com/originals/4d/4f/8e/4d4f8e1f4f56b57e3c3eabb0d634e264.webp,vibe_library\images\1196337405475318.jpg,https://thetrophywifestyle.com/old-cabin-interior-living-room/,thetrophywifestyle.com,False,4,4,,https://www.pinterest.com/search/pins/?q=vintage%20home%20decor,2026-05-14T12:08:53.559540+00:00,success,
76350156177540447,vintage home decor,product_lead,,862,49,49.0,2024-12-29T18:56:06+00:00,False,https://i.pinimg.com/originals/e4/bb/7f/e4bb7f2363b1023e771ed9012e18ec30.jpg,vibe_library\images\76350156177540447.jpg,https://magnolia.com/shop/product/6947780624435/james-mirror-with-hooks-and-shelf/,magnolia.com,False,4,4,,https://www.pinterest.com/search/pins/?q=vintage%20home%20decor,2026-05-14T12:08:53.559540+00:00,success,
985231165011505,vintage home decor,product_lead,,5955,768,768.0,2025-11-01T10:32:01+00:00,False,https://i.pinimg.com/originals/9b/18/fd/9b18fd54be200bf3ffc718c0cec286e8.jpg,vibe_library\images\985231165011505.jpg,https://www.homestratosphere.com/modern-victorian-cozy-foyers-in-timeless-elegance-with-contemporary-style/,homestratosphere.com,False,5,5,,https://www.pinterest.com/search/pins/?q=vintage%20home%20decor,2026-05-14T12:08:53.559540+00:00,success,
349099408634686148,vintage home decor,product_lead,,5086,73,73.0,2025-03-10T17:09:32+00:00,False,https://i.pinimg.com/originals/8f/a3/e6/8fa3e61158369c1f2aa95b06e497c06d.png,vibe_library\images\349099408634686148.jpg,https://stylentdecor.com/products/victorian-brass-hat-coat-hook?variant=47072690077942&pins_campaign_id=626754105045&utm_campaign=626754105045&utm_medium=PaidSocial&utm_source=Pinterest&utm_content=2680083718653&pp=0,stylentdecor.com,False,5,5,,https://www.pinterest.com/search/pins/?q=vintage%20home%20decor,2026-05-14T12:08:53.559540+00:00,success,
8303580558454554,boho living room ideas,product_lead,,73,62,62.0,2025-03-12T17:21:47+00:00,False,https://i.pinimg.com/originals/3d/82/05/3d82053f653a0b8c6955221007985b9c.jpg,vibe_library\images\8303580558454554.jpg,https://i.pinimg.com/originals/58/db/80/58db80d1471046342718b3b8b53cf2ac.jpg,i.pinimg.com,False,4,4,,https://www.pinterest.com/search/pins/?q=boho%20living%20room%20ideas,2026-05-14T12:08:53.559540+00:00,success,
9288742976537094,neutral living room decor,product_lead,,380,17,17.0,2025-02-16T14:44:48+00:00,False,https://i.pinimg.com/originals/47/7a/1a/477a1a5544163da18788b4241deb503f.png,vibe_library\images\9288742976537094.jpg,https://www.nikkisplate.com/scandinavian-living-room-designs-and-ideas/,nikkisplate.com,False,4,4,,https://www.pinterest.com/search/pins/?q=neutral%20living%20room%20decor,2026-05-14T12:08:53.559540+00:00,success,
633387443556497,neutral living room decor,product_lead,,73,199,199.0,2025-05-18T12:02:09+00:00,False,https://i.pinimg.com/originals/66/a1/98/66a19807386883e6cd7da12a7f35c490.jpg,vibe_library\images\633387443556497.jpg,https://www.polesandblinds.com/blogs/scandinavian-interior-design-tips,polesandblinds.com,False,4,4,,https://www.pinterest.com/search/pins/?q=neutral%20living%20room%20decor,2026-05-14T12:08:53.559540+00:00,success,
914862419872775,neutral living room decor,product_lead,,315,61,61.0,2024-05-22T10:50:58+00:00,False,https://i.pinimg.com/originals/cf/e4/80/cfe480784648db5c12094c657b608bb1.jpg,vibe_library\images\914862419872775.jpg,https://artfasad.com/20-neutral-interior-design-ideas-for-modern-minimalists/,artfasad.com,False,4,4,,https://www.pinterest.com/search/pins/?q=neutral%20living%20room%20decor,2026-05-14T12:08:53.559540+00:00,success,
774124926601507,neutral living room decor,product_lead,Minimalist Interior Design | Neutral Tones Interiors | Nudes Colors | Interior Trend,1417,16,16.0,2021-07-11T12:25:22+00:00,False,https://i.pinimg.com/originals/a3/87/4c/a3874cad22e0441c8aeb59ed0333c22d.png,vibe_library\images\774124926601507.jpg,https://malabar.com.pt/blog/minimalist-interiors/,malabar.com.pt,False,5,8,,https://www.pinterest.com/search/pins/?q=neutral%20living%20room%20decor,2026-05-14T12:08:53.559540+00:00,success,
80783387062249000,modern farmhouse decor,product_lead,,192,10,10.0,2026-02-03T04:34:57+00:00,False,https://i.pinimg.com/originals/99/16/06/99160627c39533a617e05f7a848d55b9.webp,vibe_library\images\80783387062249000.jpg,https://www.thehousedesigners.com/plan/1-story-craftsman-cottage-1300-square-feet-3-bedrooms-screened-porch-6699/,thehousedesigners.com,False,4,4,,https://www.pinterest.com/search/pins/?q=modern%20farmhouse%20decor,2026-05-14T12:08:53.559540+00:00,success,
68749756779,modern farmhouse decor,both,,1743,28,28.0,2026-01-31T08:30:30+00:00,False,https://i.pinimg.com/originals/4f/8b/ad/4f8bada3847628f3cb4ac6367bf1e175.jpg,vibe_library\images\68749756779.jpg,https://newtrendsetter.com/entryway-decor-7dbqqwjah9/,newtrendsetter.com,False,5,5,,https://www.pinterest.com/search/pins/?q=modern%20farmhouse%20decor,2026-05-14T12:08:53.559540+00:00,success,
68749496302,modern farmhouse decor,product_lead,,1355,15,15.0,2025-11-08T01:36:25+00:00,False,https://i.pinimg.com/originals/a4/e1/d0/a4e1d0e7dfcb06ec1ad1d1504a9310d5.webp,vibe_library\images\68749496302.jpg,https://dollhousewow.com/home-organization/29-stylish-and-functional-mudroom-ideas/,dollhousewow.com,False,5,5,,https://www.pinterest.com/search/pins/?q=modern%20farmhouse%20decor,2026-05-14T12:08:53.559540+00:00,success,
2955556000622603,modern farmhouse decor,product_lead,15 Proven Ways To Create a Modern Farmhouse Kitchen - NP,570,111,111.0,2024-02-29T04:48:56+00:00,False,https://i.pinimg.com/originals/22/c2/a2/22c2a229b3ce30f5823bb780200357f4.webp,vibe_library\images\2955556000622603.jpg,https://www.nikkisplate.com/15-proven-ways-to-create-a-modern-farmhouse-kitchen/,nikkisplate.com,False,4,7,,https://www.pinterest.com/search/pins/?q=modern%20farmhouse%20decor,2026-05-14T12:08:53.559540+00:00,success,
70437491074086,modern farmhouse decor,product_lead,Modern Farmhouse Bathrooms You’ll Adore,714,109,109.0,2026-02-11T05:54:23+00:00,False,https://i.pinimg.com/originals/28/57/d9/2857d95ed45fa4045f4370afbaf25c8a.jpg,vibe_library\images\70437491074086.jpg,https://courtneysworld.co/home-decor/29-modern-farmhouse-interior-ideas-for-a-cozy-and-stylish-home/?1138,courtneysworld.co,False,4,7,,https://www.pinterest.com/search/pins/?q=modern%20farmhouse%20decor,2026-05-14T12:08:53.559540+00:00,success,
2040762327869685,modern farmhouse decor,product_lead,42 Inspiring Modern Farmhouse Bathroom Designs and Decor,1712,86,86.0,2025-01-09T09:08:45+00:00,False,https://i.pinimg.com/originals/d7/4f/e6/d74fe66f886658052f73ba88176aeefb.jpg,vibe_library\images\2040762327869685.jpg,https://edwardgeorgelondon.com/blogs/home-garden/modern-farmhouse-bathroom-design-ideas,edwardgeorgelondon.com,False,7,8,,https://www.pinterest.com/search/pins/?q=modern%20farmhouse%20decor,2026-05-14T12:08:53.559540+00:00,success,
7881368095822748,modern farmhouse decor,product_lead,,0,496,496.0,2026-05-09T10:44:08+00:00,False,https://i.pinimg.com/originals/4f/9a/1e/4f9a1eb7c34284399317dc9c8053531a.jpg,vibe_library\images\7881368095822748.jpg,https://lifestylebrew.com/wp-content/uploads/2024/11/Farmhouse-Style-Bedroom-Ideas2-4.jpg,lifestylebrew.com,False,4,4,,https://www.pinterest.com/search/pins/?q=modern%20farmhouse%20decor,2026-05-14T12:08:53.559540+00:00,success,
70437489610301,modern farmhouse decor,product_lead,Cottage Mudroom decorated with wicker baskets and crates,3029,149,149.0,2025-01-08T20:27:44+00:00,False,https://i.pinimg.com/originals/7e/01/53/7e01536301b07b1f2af93c84f80db32e.png,vibe_library\images\70437489610301.jpg,https://chelseaclarke.co/farmhouse-mudroom-ideas/,chelseaclarke.co,False,7,8,,https://www.pinterest.com/search/pins/?q=modern%20farmhouse%20decor,2026-05-14T12:08:53.559540+00:00,success,
13370130139640202,modern farmhouse decor,product_lead,Farmhouse Kitchen Decor Ideas on a Budget A Complete Guide,71,11,11.0,2026-04-04T18:50:39+00:00,False,https://i.pinimg.com/originals/0c/66/d7/0c66d787e742b1ad395b58bf7e87d0b6.jpg,vibe_library\images\13370130139640202.jpg,https://kenista.netlify.app/?u=https://kenista.com/farmhouse-kitchen-decor-ideas-on-a-budget/%3Futm_campaign%3Dchoudary%26utm_source%3DNawab%26utm_medium%3Dlink,kenista.netlify.app,False,6,7,,https://www.pinterest.com/search/pins/?q=modern%20farmhouse%20decor,2026-05-14T12:08:53.559540+00:00,success,
422281212589569,modern farmhouse decor,product_lead,,588,97,97.0,2026-03-16T16:16:15+00:00,False,https://i.pinimg.com/originals/19/36/96/193696f52509762381909096175e3f46.png,vibe_library\images\422281212589569.jpg,https://learncalifornia.org/vintage-cottage-decor/,learncalifornia.org,False,4,4,,https://www.pinterest.com/search/pins/?q=modern%20farmhouse%20decor,2026-05-14T12:08:53.559540+00:00,success,
1900024839320714,modern farmhouse decor,product_lead,,690,26,26.0,2025-08-24T07:46:20+00:00,False,https://i.pinimg.com/originals/d2/13/e7/d213e7ffda2d04330f9e28255fc19b92.webp,vibe_library\images\1900024839320714.jpg,https://edwardgeorgelondon.com/20-cozy-white-interior-home-designs-that-warm-your-soul/,edwardgeorgelondon.com,False,4,4,,https://www.pinterest.com/search/pins/?q=modern%20farmhouse%20decor,2026-05-14T12:08:53.559540+00:00,success,
68749553983,modern farmhouse decor,both,20 Brilliant Mudroom Ideas to Maximize Your Entryway Space,3910,147,147.0,2025-11-26T16:44:16+00:00,False,https://i.pinimg.com/originals/c8/f2/85/c8f285a288cfc0d32b354773285e76ba.png,vibe_library\images\68749553983.jpg,https://restoredecorandmore.com/mudroom-entryway-ideas/,restoredecorandmore.com,False,5,8,,https://www.pinterest.com/search/pins/?q=modern%20farmhouse%20decor,2026-05-14T12:08:53.559540+00:00,success,
68749419102,modern farmhouse decor,product_lead,,2965,195,195.0,2025-10-13T19:55:18+00:00,False,https://i.pinimg.com/originals/f0/4c/15/f04c15e8509fcd99d467b11933a0fec5.png,vibe_library\images\68749419102.jpg,https://inspivie.com/idees-entree-moderne/,inspivie.com,False,5,5,,https://www.pinterest.com/search/pins/?q=modern%20farmhouse%20decor,2026-05-14T12:08:53.559540+00:00,success,
211174978995612,modern farmhouse decor,both,49 Stunning Cottage Kitchen Ideas: Transform Your Space with Cozy Design,1519,259,259.0,2026-01-07T12:59:30+00:00,False,https://i.pinimg.com/originals/f6/df/75/f6df758e33ca6909ed86c7a48bb03a6c.webp,vibe_library\images\211174978995612.jpg,https://edwardgeorgelondon.com/modern-cottage-kitchen/,edwardgeorgelondon.com,False,5,8,,https://www.pinterest.com/search/pins/?q=modern%20farmhouse%20decor,2026-05-14T12:08:53.559540+00:00,success,
68749413319,modern farmhouse decor,product_lead,20+ Beautiful Mudroom Ideas for Every Home Style & Size,1692,79,79.0,2025-10-12T04:04:18+00:00,False,https://i.pinimg.com/originals/7d/ae/d6/7daed68c2e9cb090e438bf277c23799d.png,vibe_library\images\68749413319.jpg,https://restoredecorandmore.com/mudroom-designs/,restoredecorandmore.com,False,5,8,,https://www.pinterest.com/search/pins/?q=modern%20farmhouse%20decor,2026-05-14T12:08:53.559540+00:00,success,
633387443888512,modern farmhouse decor,product_lead,29 Ways to Make Your Cabin Feel Like a Luxurious Hideaway,2095,114,114.0,2025-09-09T17:22:33+00:00,False,https://i.pinimg.com/originals/a9/30/d2/a930d26bdfcc9b5af0f9595e89072815.webp,vibe_library\images\633387443888512.jpg,https://learncalifornia.org/29-cabin-decorating-ideas-to-enhance-your-mountain-getaway/#09,learncalifornia.org,False,5,6,,https://www.pinterest.com/search/pins/?q=modern%20farmhouse%20decor,2026-05-14T12:08:53.559540+00:00,success,
844493676488782,coffee table styling,product_lead,"Nancy Meyers Interiors: Style, Rooms & How to Recreate the Look",840,89,89.0,2026-03-01T23:37:19+00:00,False,https://i.pinimg.com/originals/fe/f8/a6/fef8a65b814830cde33db2a01c1cec33.jpg,vibe_library\images\844493676488782.jpg,https://restoredecorandmore.com/nancy-meyers-aesthetic/,restoredecorandmore.com,False,4,7,,https://www.pinterest.com/search/pins/?q=coffee%20table%20styling,2026-05-14T12:08:53.559540+00:00,success,
3166662233655091,coffee table styling,product_lead,,20,15,15.0,2026-03-11T22:10:04+00:00,False,https://i.pinimg.com/originals/47/f9/98/47f998534791bd56721d197ea9198858.jpg,vibe_library\images\3166662233655091.jpg,https://www.apartmenttherapy.com/house-tour-a-tiny-maximalist-chicago-studio-apartment-244076?amp=1,apartmenttherapy.com,False,4,4,,https://www.pinterest.com/search/pins/?q=coffee%20table%20styling,2026-05-14T12:08:53.559540+00:00,success,
844493676624885,coffee table styling,product_lead,25 Stunning Spring Tulip Centerpiece Ideas for Your Table,34,49,49.0,2026-04-13T16:52:43+00:00,False,https://i.pinimg.com/originals/49/55/3f/49553f4b2e725c5623e615c9a7a256dc.jpg,vibe_library\images\844493676624885.jpg,https://plusmood.com/25-spring-tulip-centerpiece-ideas/,plusmood.com,False,4,7,,https://www.pinterest.com/search/pins/?q=coffee%20table%20styling,2026-05-14T12:08:53.559540+00:00,success,
75224256274708272,coffee table styling,product_lead,,27,42,42.0,2026-04-07T10:52:57+00:00,False,https://i.pinimg.com/originals/3e/6d/74/3e6d749199bd9f9cd2915c2c0844f819.png,vibe_library\images\75224256274708272.jpg,https://edwardgeorgelondon.com/mid-century-modern-living-room/,edwardgeorgelondon.com,False,4,4,,https://www.pinterest.com/search/pins/?q=coffee%20table%20styling,2026-05-14T12:08:53.559540+00:00,success,
174233079329168128,coffee table styling,product_lead,,0,27,27.0,2026-04-10T11:16:01+00:00,False,https://i.pinimg.com/originals/7f/f2/08/7ff208ae463fd1c0ac3516d5ef4c5742.jpg,vibe_library\images\174233079329168128.jpg,https://quintessenceblog.com/final-look-2018-kips-bay-show-house/,quintessenceblog.com,False,4,4,,https://www.pinterest.com/search/pins/?q=coffee%20table%20styling,2026-05-14T12:08:53.559540+00:00,success,
422281211249540,coffee table styling,product_lead,,45,30,30.0,2025-01-04T17:53:27+00:00,False,https://i.pinimg.com/originals/01/0a/a3/010aa34b5f7e41eabd79f54eccd551f2.jpg,vibe_library\images\422281211249540.jpg,https://theinspiredroom.net/5-warm-cozy-rooms-sunday-strolls-and-scrolls/,theinspiredroom.net,False,4,4,,https://www.pinterest.com/search/pins/?q=coffee%20table%20styling,2026-05-14T12:08:53.559540+00:00,success,
24206916746201729,coffee table styling,product_lead,,14,18,18.0,2026-04-03T03:47:31+00:00,False,https://i.pinimg.com/originals/3b/8f/8b/3b8f8b39f77d675e557b10d5a40cfb3d.jpg,vibe_library\images\24206916746201729.jpg,https://www.livingetc.com/ideas/interior-design,livingetc.com,False,4,4,,https://www.pinterest.com/search/pins/?q=coffee%20table%20styling,2026-05-14T12:08:53.559540+00:00,success,
351912466349529,coffee table styling,product_lead,19 Spring Tray Decor Ideas That Work Anywhere,2764,218,218.0,2025-05-12T15:43:23+00:00,False,https://i.pinimg.com/originals/2f/ba/86/2fba86a2c4c207e08e76eaaa9c7442a4.png,vibe_library\images\351912466349529.jpg,https://themixxery.com/spring-tray-decor-ideas/,themixxery.com,False,7,8,,https://www.pinterest.com/search/pins/?q=coffee%20table%20styling,2026-05-14T12:08:53.559540+00:00,success,
25966135348808419,coffee table styling,product_lead,,26,10,10.0,2026-04-02T02:37:06+00:00,False,https://i.pinimg.com/originals/fb/32/52/fb3252f56da2dd1f33652c708125fffa.jpg,vibe_library\images\25966135348808419.jpg,https://www.apartmenttherapy.com/imani-keal-washington-dc-rental-apartment-37454010,apartmenttherapy.com,False,4,4,,https://www.pinterest.com/search/pins/?q=coffee%20table%20styling,2026-05-14T12:08:53.559540+00:00,success,
492649954229408,coffee table styling,product_lead,Our Social Media Editor’s LA Home Is Brimming With Color and Vintage Finds,215,15,15.0,2025-07-20T21:35:06+00:00,False,https://i.pinimg.com/originals/4a/1e/c0/4a1ec0163de037812d50c3f28c97bf01.jpg,vibe_library\images\492649954229408.jpg,https://theeverygirl.com/cassandra-erb-home-tour/,theeverygirl.com,False,6,7,,https://www.pinterest.com/search/pins/?q=coffee%20table%20styling,2026-05-14T12:08:53.559540+00:00,success,
1125968743505365,coffee table styling,product_lead,How to Style a Throw Blanket Like a Designer (Without Trying Too Hard),79,162,162.0,2026-03-17T01:48:03+00:00,False,https://i.pinimg.com/originals/44/39/f8/4439f8d5f44b4d797b54fd0f05a2cd7b.jpg,vibe_library\images\1125968743505365.jpg,http://slowdownstudio.com/blogs/slowdown-journal/how-to-style-a-throw-blanket-like-a-designer-without-trying-too-hard,slowdownstudio.com,False,4,7,,https://www.pinterest.com/search/pins/?q=coffee%20table%20styling,2026-05-14T12:08:53.559540+00:00,success,
2322237301513458,coffee table styling,product_lead,,240,20,20.0,2024-08-14T14:37:03+00:00,False,https://i.pinimg.com/originals/11/a5/ea/11a5eafe12cde77ee995205df40ff1e0.jpg,vibe_library\images\2322237301513458.jpg,https://artfasad.com/the-art-of-mixing-styles-in-a-mid-century-modern-eclectic-living-room/,artfasad.com,False,4,4,,https://www.pinterest.com/search/pins/?q=coffee%20table%20styling,2026-05-14T12:08:53.559540+00:00,success,
3448137209937258,coffee table styling,product_lead,,45,26,26.0,2025-06-15T06:39:07+00:00,False,https://i.pinimg.com/originals/44/a2/1f/44a21fed938c0ff212b425e83e83b2fa.jpg,vibe_library\images\3448137209937258.jpg,https://www.olagiatospiti.gr/epoxiaki-diakosmisi/kalokairini-diakosmisi/yperoches-kalokairines-syntheseis-dimiourgikes-protaseis-gia-na-diakosmiseis-to-spiti-sou/,olagiatospiti.gr,False,4,4,,https://www.pinterest.com/search/pins/?q=coffee%20table%20styling,2026-05-14T12:08:53.559540+00:00,success,
68745243092,coffee table styling,product_lead,,209,28,28.0,2022-10-24T05:22:01+00:00,False,https://i.pinimg.com/originals/73/8a/cf/738acfa1908c00a110d7122090690fa3.png,vibe_library\images\68745243092.jpg,https://laurelberninteriors.com/2019/03/03/how-to-style-a-coffee-table/,laurelberninteriors.com,False,4,4,,https://www.pinterest.com/search/pins/?q=coffee%20table%20styling,2026-05-14T12:08:53.559540+00:00,success,
281543723302912,coffee table styling,product_lead,,757,14,14.0,2024-02-03T14:16:44+00:00,False,https://i.pinimg.com/originals/35/77/2e/35772ef7fe61f955f5cc6a6a2e95319a.png,vibe_library\images\281543723302912.jpg,https://inbedstore.com/blogs/journal/read-in-bed-enviable-collections,inbedstore.com,False,4,4,,https://www.pinterest.com/search/pins/?q=coffee%20table%20styling,2026-05-14T12:08:53.559540+00:00,success,
3307399719006183,coffee table styling,product_lead,,15,12,12.0,2023-03-02T02:28:27+00:00,False,https://i.pinimg.com/originals/c3/62/c8/c362c847878fc472bfa69683e4b105a8.png,vibe_library\images\3307399719006183.jpg,https://www.homestolove.com.au/a-modern-beach-house-with-low-key-luxe-interior-18965,homestolove.com.au,False,4,4,,https://www.pinterest.com/search/pins/?q=coffee%20table%20styling,2026-05-14T12:08:53.559540+00:00,success,
68746986684,coffee table styling,product_lead,,77,48,48.0,2024-01-12T19:27:58+00:00,False,https://i.pinimg.com/originals/32/e3/cf/32e3cfa878f960361d31b91f2bffbfe7.jpg,vibe_library\images\68746986684.jpg,https://honestlywtf.com/home/my-living-room-refresh/,honestlywtf.com,False,4,4,,https://www.pinterest.com/search/pins/?q=coffee%20table%20styling,2026-05-14T12:08:53.559540+00:00,success,
11259067814283625,coffee table styling,product_lead,,46,28,28.0,2026-02-15T14:02:35+00:00,False,https://i.pinimg.com/originals/d5/e6/f4/d5e6f4cb2f2d5863bd3cb4d1c0e44c27.jpg,vibe_library\images\11259067814283625.jpg,https://www.thespruce.com/coffee-table-styling-ideas-4126581,thespruce.com,False,4,4,,https://www.pinterest.com/search/pins/?q=coffee%20table%20styling,2026-05-14T12:08:53.559540+00:00,success,
1125968649104643,coffee table styling,product_lead,,2485,13,13.0,2022-04-26T20:02:36+00:00,False,https://i.pinimg.com/originals/03/d0/60/03d06037a39bc14f557c37056ef7a596.jpg,vibe_library\images\1125968649104643.jpg,https://roomfortuesday.com/everything-you-need-to-know-about-faux-florals-greenery/,roomfortuesday.com,False,5,5,,https://www.pinterest.com/search/pins/?q=coffee%20table%20styling,2026-05-14T12:08:53.559540+00:00,success,
68749849673,coffee table styling,product_lead,,758,99,99.0,2026-03-01T21:55:59+00:00,False,https://i.pinimg.com/originals/58/61/20/586120e69f3d58442784615f59639209.jpg,vibe_library\images\68749849673.jpg,https://www.amazon.com/shop/influencer-4ec6fbde/photo/amzn1.shoppablemedia.v1.596e3546-c192-4191-8c93-55a737d372c1?ref_=cm_sw_r_mwn_aipsfphoto_X1KAVQY7GJ4M3STXFRBG_1&language=en-US,amazon.com,True,6,4,,https://www.pinterest.com/search/pins/?q=coffee%20table%20styling,2026-05-14T12:08:53.559540+00:00,success,
632755816447554058,coffee table styling,both,,1901,50,50.0,2026-02-04T14:45:40+00:00,False,https://i.pinimg.com/originals/37/22/e3/3722e370e4668eede3e4341fa18b8070.jpg,vibe_library\images\632755816447554058.jpg,https://www.worldmarket.com/p/leilani-white-marble-top-and-gold-tulip-dining-table-541926.html,worldmarket.com,False,5,5,,https://www.pinterest.com/search/pins/?q=coffee%20table%20styling,2026-05-14T12:08:53.559540+00:00,success,
399835273185771927,coffee table styling,product_lead,,2360,37,37.0,2024-07-28T21:21:10+00:00,False,https://i.pinimg.com/originals/ee/91/df/ee91dfc4f3c02c2de626af0ac31b9043.jpg,vibe_library\images\399835273185771927.jpg,https://www.zarahome.com/us/photo-frame-with-mat-l44317045,zarahome.com,False,5,5,,https://www.pinterest.com/search/pins/?q=coffee%20table%20styling,2026-05-14T12:08:53.559540+00:00,success,
4362930884405780,coffee table styling,product_lead,Solid wood retro style creative simple tea table  brownWood,62,12,12.0,2025-12-03T03:54:02+00:00,False,https://i.pinimg.com/originals/d9/78/81/d978815e6d01de5410420ad055c85048.jpg,vibe_library\images\4362930884405780.jpg,https://www.wayfair.com/Bkoksety--Solid-wood-retro-style-creative-simple-tea-table-LLL6A8M6YWA-L441-K~BFKS1247.html?refid=PSO49-BFKS1247,wayfair.com,True,4,7,,https://www.pinterest.com/search/pins/?q=coffee%20table%20styling,2026-05-14T12:08:53.559540+00:00,success,
548594798378228755,coffee table styling,product_lead,,59,10,10.0,2024-11-04T06:07:00+00:00,False,https://i.pinimg.com/originals/d7/5a/97/d75a971f66b80e1a3e5744406f44ed09.jpg,vibe_library\images\548594798378228755.jpg,https://www.luluandgeorgia.com/products/charnes-oval-coffee-table-by-amber-lewis-x-four-hands#m23617838022755,luluandgeorgia.com,False,4,4,,https://www.pinterest.com/search/pins/?q=coffee%20table%20styling,2026-05-14T12:08:53.559540+00:00,success,
1196337405231694,coffee table styling,product_lead,,808,34,34.0,2026-01-10T14:55:55+00:00,False,https://i.pinimg.com/originals/ed/e4/f2/ede4f29718c3dfda036d00919593f69c.jpg,vibe_library\images\1196337405231694.jpg,https://www.amazon.com/shop/mdeologyhome/photo/amzn1.shoppablemedia.v1.6707509d-be36-4190-9857-3d9b1e9d89fd?ref_=cm_sw_r_pi_ud_aipsfphoto_263FBV6GTMR6QDX4SS63,amazon.com,True,6,4,,https://www.pinterest.com/search/pins/?q=coffee%20table%20styling,2026-05-14T12:08:53.559540+00:00,success,
442619469682345221,coffee table styling,product_lead,Amber Color Long Waterfall Coffee Table,318,37,37.0,2025-05-02T18:07:04+00:00,False,https://i.pinimg.com/originals/b2/4e/5b/b24e5bc7534634b78113b689e145d684.jpg,vibe_library\images\442619469682345221.jpg,https://www.chairish.com/product/5146388/amber-color-long-waterfall-coffee-table?utm_content=PinterestFeed_Coffee+Tables&utm_source=pinterest&utm_term=5146388,chairish.com,False,4,7,,https://www.pinterest.com/search/pins/?q=coffee%20table%20styling,2026-05-14T12:08:53.559540+00:00,success,
211174977476972,coffee table styling,product_lead,,812,18,18.0,2024-09-01T21:49:46+00:00,False,https://i.pinimg.com/originals/87/74/9d/87749dd483b9d919768c6582696f7c70.jpg,vibe_library\images\211174977476972.jpg,https://www.westelm.com/products/calla-coffee-table-h12199/,westelm.com,True,4,4,,https://www.pinterest.com/search/pins/?q=coffee%20table%20styling,2026-05-14T12:08:53.559540+00:00,success,
57069120275301364,coffee table styling,product_lead,McGee & Co. | Merlot Marble Coffee Table Large,31,12,12.0,2025-07-19T19:19:02+00:00,False,https://i.pinimg.com/originals/14/40/b9/1440b96ea960b99d649baae9ae0389c1.jpg,vibe_library\images\57069120275301364.jpg,https://www.mcgeeandco.com/products/merlot-marble-coffee-table?variant=40059891286091&currency=USD&utm_medium=product_sync&utm_source=pinterest&utm_content=sag_organic&utm_campaign=sag_organic,mcgeeandco.com,False,4,7,,https://www.pinterest.com/search/pins/?q=coffee%20table%20styling,2026-05-14T12:08:53.559540+00:00,success,
17873729766702277,coffee table styling,product_lead,"39"" Square Wood Coffee Table with Storage, Mid-Century Modern Coffee Table with 2 Drawer, Wood Veneer, for Living Room, Fully-assembled, Brown",145,16,16.0,2026-02-08T16:54:13+00:00,False,https://i.pinimg.com/originals/ac/fd/27/acfd27fe03a11691501d27bba07d0494.jpg,vibe_library\images\17873729766702277.jpg,https://www.povison.com/modern-and-minimalist-brown-wooden-square-coffee-table-with-storage-2-drawers-fully-assembled-ct1008bn100.html?variant=367141&utm_source=pinterest&utm_medium=pin&utm_source=pinterest&utm_medium=pin,povison.com,False,4,7,,https://www.pinterest.com/search/pins/?q=coffee%20table%20styling,2026-05-14T12:08:53.559540+00:00,success,
11962755257254297,home decor collage,product_lead,,41,12,12.0,2026-01-06T05:42:01+00:00,False,https://i.pinimg.com/originals/aa/41/ec/aa41ec867a3dc20892239ed44d9eb2cd.jpg,vibe_library\images\11962755257254297.jpg,https://www.shffls.com/shuffles/5249293274014863363,shffls.com,False,4,4,,https://www.pinterest.com/search/pins/?q=home%20decor%20collage,2026-05-14T12:08:53.559540+00:00,success,
9710955442593686,home decor collage,product_lead,,219,20,20.0,2025-02-26T18:52:38+00:00,False,https://i.pinimg.com/originals/2d/73/51/2d73519fc22ec6317c50775f967c09a2.jpg,vibe_library\images\9710955442593686.jpg,https://www.shffls.com/shuffles/5249574592560809220,shffls.com,False,4,4,,https://www.pinterest.com/search/pins/?q=home%20decor%20collage,2026-05-14T12:08:53.559540+00:00,success,
8022105581918040,home decor collage,product_lead,,484,108,108.0,2025-05-15T08:49:05+00:00,False,https://i.pinimg.com/originals/c4/7e/77/c47e77bdd04ce2fe1a307960fd28d2df.jpg,vibe_library\images\8022105581918040.jpg,https://www.shffls.com/shuffles/5321036702001707098,shffls.com,False,4,4,,https://www.pinterest.com/search/pins/?q=home%20decor%20collage,2026-05-14T12:08:53.559540+00:00,success,
70437491091687,home decor collage,product_lead,,309,24,24.0,2026-02-16T20:39:43+00:00,False,https://i.pinimg.com/originals/a2/09/06/a20906398227a0e37168697c932fbd5e.webp,vibe_library\images\70437491091687.jpg,https://kitchenwyse.com/empty-kitchen-wall-ideas/,kitchenwyse.com,False,4,4,,https://www.pinterest.com/search/pins/?q=home%20decor%20collage,2026-05-14T12:08:53.559540+00:00,success,
4785143352096216,home decor collage,product_lead,,223,20,20.0,2026-03-13T05:48:22+00:00,False,https://i.pinimg.com/originals/95/7d/6b/957d6b3cbfe3fde7c0c7122c6d9c75fd.jpg,vibe_library\images\4785143352096216.jpg,https://www.shffls.com/shuffles/5382410236762042838,shffls.com,False,4,4,,https://www.pinterest.com/search/pins/?q=home%20decor%20collage,2026-05-14T12:08:53.559540+00:00,success,
1759287348613779,home decor collage,product_lead,,181,13,13.0,2025-08-04T02:41:35+00:00,False,https://i.pinimg.com/originals/47/38/58/4738587a7102ae6b8989458b89031e7c.webp,vibe_library\images\1759287348613779.jpg,https://mariafaller.com/happiness-living-room-8xqzjwfkq2/,mariafaller.com,False,4,4,,https://www.pinterest.com/search/pins/?q=home%20decor%20collage,2026-05-14T12:08:53.559540+00:00,success,
4081455907603598,home decor collage,product_lead,Rustic Moodboard: Part of Our Interior Design Guide,114,28,28.0,2025-12-11T15:49:55+00:00,False,https://i.pinimg.com/originals/c0/20/44/c020440c667d0340de22280d754c34ff.webp,vibe_library\images\4081455907603598.jpg,https://roomofinspo.com/popular-interior-design-styles/?utm_source=pinterest&utm_medium=referral&utm_campaign=static_custai#rustic,roomofinspo.com,False,4,7,,https://www.pinterest.com/search/pins/?q=home%20decor%20collage,2026-05-14T12:08:53.559540+00:00,success,
19210735905850025,vintage home decor,product_lead,American Vintage Unisex Soft furnishing,82,6,6.0,2026-03-12T21:27:38+00:00,False,https://i.pinimg.com/originals/cb/66/08/cb6608ac4d5d9b6d90ae05bd79f7167f.jpg,vibe_library\images\19210735905850025.jpg,https://www.depop.com/products/jaejamesmarket-vintage-floral-tapestry-table-runner-b6cc/?pla_feed=US,depop.com,False,4,7,below_threshold,https://www.pinterest.com/search/pins/?q=vintage%20home%20decor,2026-05-14T12:08:53.559540+00:00,success,
10696117860836034,vintage home decor,product_lead,,64,8,8.0,2026-03-21T06:31:59+00:00,False,https://i.pinimg.com/originals/10/35/a9/1035a90b63804c9384c66ea04625faf7.jpg,vibe_library\images\10696117860836034.jpg,https://www.melaniejadedesign.com/vintage-home-inspirations/,melaniejadedesign.com,False,4,4,below_threshold,https://www.pinterest.com/search/pins/?q=vintage%20home%20decor,2026-05-14T12:08:53.559540+00:00,success,
194780752629284622,neutral living room decor,product_lead,Soho Left Hand Storage Chaise Sofa - Natural,19,0,0.0,,True,https://i.pinimg.com/originals/d5/a6/c9/d5a6c98564b08e5f29b001087f91fc6b.jpg,vibe_library\images\194780752629284622.jpg,https://dusk.com/products/soho-left-hand-storage-chaise-sofa-natural,dusk.com,False,4,3,below_threshold,https://www.pinterest.com/search/pins/?q=neutral%20living%20room%20decor,2026-05-14T12:08:53.559540+00:00,success,
23292123067216461,modern farmhouse decor,product_lead,2-Bed Modern Farmhouse Cottage Plan with Vaulted Living - 1828 Sq Ft,134,3,3.0,2025-05-06T11:09:50+00:00,False,https://i.pinimg.com/originals/f3/7d/06/f37d069d92ed6129e9e1e2a44b6e4000.webp,vibe_library\images\23292123067216461.jpg,https://www.architecturaldesigns.com/house-plans/2-bed-modern-farmhouse-cottage-plan-with-vaulted-living-1828-sq-ft-871037nst,architecturaldesigns.com,False,4,7,too_old,https://www.pinterest.com/search/pins/?q=modern%20farmhouse%20decor,2026-05-14T12:08:53.559540+00:00,success,
4607252922611035264,modern farmhouse decor,product_lead,"Modern Farmhouse Plan - 2,492 Square Feet, 4 Bedrooms, 3.5 Bathrooms | Floor Plan #009-00388 | America's Best House Plans",101,2,2.0,2026-03-07T14:46:42+00:00,False,https://i.pinimg.com/originals/a2/fe/ef/a2feefddcb01df1b981f461b44478104.jpg,vibe_library\images\4607252922611035264.jpg,https://www.houseplans.net/floorplans/00900388/modern-farmhouse-plan-2492-square-feet-4-bedrooms-3.5-bathrooms,houseplans.net,False,4,7,below_threshold,https://www.pinterest.com/search/pins/?q=modern%20farmhouse%20decor,2026-05-14T12:08:53.559540+00:00,success,
7036943163564184,modern farmhouse decor,product_lead,,14,6,6.0,2026-04-05T23:54:34+00:00,False,https://i.pinimg.com/originals/0d/a6/67/0da6674bd0f694490037a20a6be22095.png,vibe_library\images\7036943163564184.jpg,https://www.everydayinspo.com/mexican-farmhouse-decor/,everydayinspo.com,False,4,4,below_threshold,https://www.pinterest.com/search/pins/?q=modern%20farmhouse%20decor,2026-05-14T12:08:53.559540+00:00,success,
767230486509368940,small apartment decor,product_lead,,11,1,1.0,2020-05-16T12:13:25+00:00,False,https://i.pinimg.com/originals/54/28/bd/5428bd6c9f3e746fa66141181d41faf8.jpg,vibe_library\images\767230486509368940.jpg,https://www.anthropologie.com/shop/katina-petite-chaise-sectional?category=furniture-small-sofa-sectionals,anthropologie.com,False,4,4,too_old,https://www.pinterest.com/search/pins/?q=small%20apartment%20decor,2026-05-14T12:08:53.559540+00:00,success,
1109011477014406053,coffee table styling,product_lead,Coffee Table Styling Tips for a Pinterest-Worthy Living Room,15,0,0.0,2026-05-02T06:31:47+00:00,False,https://i.pinimg.com/originals/9e/c2/42/9ec242cca251c59aa036ec25fbb592cb.png,vibe_library\images\1109011477014406053.jpg,https://tr.ee/uDGDAm,tr.ee,False,4,7,below_threshold,https://www.pinterest.com/search/pins/?q=coffee%20table%20styling,2026-05-14T12:08:53.559540+00:00,success,
9851692929064173,coffee table styling,product_lead,,88,2,2.0,2024-05-25T05:08:18+00:00,False,https://i.pinimg.com/originals/61/37/78/6137786581c00b80fde44a9d4ca9ae5f.jpg,vibe_library\images\9851692929064173.jpg,http://design-milk.com/enjoy-outdoor-indoor-tropics-yoo2-rio-de-janeiro/?utm_source=Design+Milk+Newsletter&utm_campaign=8fb296e95f-RSS_DAILY_EMAIL_CAMPAIGN&utm_medium=email&utm_term=0_1033d478fd-8fb296e95f-23788101,design-milk.com,False,4,4,too_old,https://www.pinterest.com/search/pins/?q=coffee%20table%20styling,2026-05-14T12:08:53.559540+00:00,success,
119908408827276899,coffee table styling,product_lead,,11,0,0.0,2026-01-05T02:29:38+00:00,False,https://i.pinimg.com/originals/f2/72/97/f27297f2c7b5a3c45e6d09937c6741eb.png,vibe_library\images\119908408827276899.jpg,https://divinedecorfinds.com/spring-shelf-styling-curated-vignettes-for-a-light-layered-look/,divinedecorfinds.com,False,4,4,below_threshold,https://www.pinterest.com/search/pins/?q=coffee%20table%20styling,2026-05-14T12:08:53.559540+00:00,success,
10485011674147976,coffee table styling,product_lead,,42,4,4.0,2026-02-26T22:27:09+00:00,False,https://i.pinimg.com/originals/6b/e1/e0/6be1e0ebd359e92effa1c179ba8160bc.jpg,vibe_library\images\10485011674147976.jpg,https://www.worthingcourtblog.com/august-decoration-ideas/,worthingcourtblog.com,False,4,4,below_threshold,https://www.pinterest.com/search/pins/?q=coffee%20table%20styling,2026-05-14T12:08:53.559540+00:00,success,
8655424281164340,coffee table styling,product_lead,,23,7,7.0,2025-02-01T11:21:45+00:00,False,https://i.pinimg.com/originals/28/f9/26/28f9264d29e7d60e20062abe65e3ff3c.jpg,vibe_library\images\8655424281164340.jpg,https://www.momooze.com/how-to-decorate-coffee-table/,momooze.com,False,4,4,too_old,https://www.pinterest.com/search/pins/?q=coffee%20table%20styling,2026-05-14T12:08:53.559540+00:00,success,
1618549864984601,coffee table styling,product_lead,,239,9,9.0,2026-02-11T21:49:57+00:00,False,https://i.pinimg.com/originals/af/48/02/af48028aceaf224bf4aad4ed8015f96e.webp,vibe_library\images\1618549864984601.jpg,https://bedthreads.com.au/blogs/journal/ellie-watson-home-tour-interview?redirected=true,bedthreads.com.au,False,4,4,below_threshold,https://www.pinterest.com/search/pins/?q=coffee%20table%20styling,2026-05-14T12:08:53.559540+00:00,success,
68748284884,coffee table styling,product_lead,The Snug - Front Roe by Louise Roe,70,5,5.0,2024-12-07T07:18:58+00:00,False,https://i.pinimg.com/originals/74/85/09/74850918e6044c93a3f74ae4f5ef3830.jpg,vibe_library\images\68748284884.jpg,https://louiseroe.com/2020/12/21/the-snug/,louiseroe.com,False,4,5,too_old,https://www.pinterest.com/search/pins/?q=coffee%20table%20styling,2026-05-14T12:08:53.559540+00:00,success,
980658887586915738,coffee table styling,product_lead,,136,3,3.0,2022-08-17T04:45:04+00:00,False,https://i.pinimg.com/originals/45/f5/fb/45f5fb1f2491cb0cb639bd2945462ae0.jpg,vibe_library\images\980658887586915738.jpg,https://www.westelm.com/m/products/mexican-luster-glassware-d7970/,westelm.com,True,4,4,too_old,https://www.pinterest.com/search/pins/?q=coffee%20table%20styling,2026-05-14T12:08:53.559540+00:00,success,
5277724558394141,coffee table styling,product_lead,,128,8,8.0,2024-06-17T16:25:00+00:00,False,https://i.pinimg.com/originals/99/98/b1/9998b16b05ac82b664a40b467f60ce35.jpg,vibe_library\images\5277724558394141.jpg,https://www.potterybarn.com/products/palisades-wood-coffee-table/,potterybarn.com,False,4,4,too_old,https://www.pinterest.com/search/pins/?q=coffee%20table%20styling,2026-05-14T12:08:53.559540+00:00,success,
559361216245590311,coffee table styling,product_lead,,306,5,5.0,2025-10-13T02:03:06+00:00,False,https://i.pinimg.com/originals/21/42/13/2142130958397c4d3f5ddafb27d5104f.jpg,vibe_library\images\559361216245590311.jpg,https://www.mcgeeandco.com/products/piedra-objects-set-of-2?_pos=44&_sid=4085ef5c7&_ss=r?collection=&variant=40313472286795,mcgeeandco.com,False,4,4,too_old,https://www.pinterest.com/search/pins/?q=coffee%20table%20styling,2026-05-14T12:08:53.559540+00:00,success,
12033124000215382,coffee table styling,product_lead,"Alden Design Modern Storage Tempered Glass Iron Coffee Table, Gold",118,5,5.0,2026-03-10T14:22:08+00:00,False,https://i.pinimg.com/originals/b5/9f/15/b59f15cc51903d4eeb566776e86fd211.png,vibe_library\images\12033124000215382.jpg,https://www.walmart.com/ip/SMILE-MART-2-tire-Modern-Tempered-Glass-Coffee-Table-with-Metal-Frame-for-Living-Room-Gold/2664800066?wmlspartner=wlpa&selectedSellerId=0,walmart.com,True,4,7,below_threshold,https://www.pinterest.com/search/pins/?q=coffee%20table%20styling,2026-05-14T12:08:53.559540+00:00,success,
46021227437486825,coffee table styling,product_lead,,61,2,2.0,2024-10-19T01:55:28+00:00,False,https://i.pinimg.com/originals/2a/2a/83/2a2a836c80f3ca4e4e8971ee61b229c8.jpg,vibe_library\images\46021227437486825.jpg,https://www.williams-sonoma.com/products/josh-young-cadorna-hurricane-candle-holder/,williams-sonoma.com,False,4,4,too_old,https://www.pinterest.com/search/pins/?q=coffee%20table%20styling,2026-05-14T12:08:53.559540+00:00,success,
2603712282541242,coffee table styling,product_lead,"Scalloped Indoor / Outdoor Coffee Table by Sarah Sherman Samuel, Beige Marble",281,8,8.0,2026-02-24T00:05:18+00:00,False,https://i.pinimg.com/originals/ee/86/e3/ee86e33a522db3e965e5288b7c1ef88d.jpg,vibe_library\images\2603712282541242.jpg,https://www.luluandgeorgia.com/products/scalloped-indoor-outdoor-coffee-table-by-sarah-sherman-samual,luluandgeorgia.com,False,4,7,below_threshold,https://www.pinterest.com/search/pins/?q=coffee%20table%20styling,2026-05-14T12:08:53.559540+00:00,success,
425168021085223781,coffee table styling,product_lead,,417,6,6.0,2022-08-18T22:48:47+00:00,False,https://i.pinimg.com/originals/de/09/ed/de09edd417b93c3175b3860a2004cd2b.jpg,vibe_library\images\425168021085223781.jpg,https://www.potterybarn.com/products/seagrass-woven-round-tray/,potterybarn.com,False,4,4,too_old,https://www.pinterest.com/search/pins/?q=coffee%20table%20styling,2026-05-14T12:08:53.559540+00:00,success,
726627721109825972,coffee table styling,product_lead,,290,8,8.0,2019-06-09T19:16:03+00:00,False,https://i.pinimg.com/originals/94/b2/33/94b23350ac9ec99adfdab95f7d922fef.jpg,vibe_library\images\726627721109825972.jpg,https://www.etsy.com/listing/68143475/625-dollars-large-coffee-table-with,etsy.com,True,6,4,too_old,https://www.pinterest.com/search/pins/?q=coffee%20table%20styling,2026-05-14T12:08:53.559540+00:00,success,
11962755257254295,home decor collage,product_lead,,36,3,3.0,2026-01-06T05:41:50+00:00,False,https://i.pinimg.com/originals/52/a3/b8/52a3b8f5fdb821b8b000bb33f109daf3.jpg,vibe_library\images\11962755257254295.jpg,https://www.shffls.com/shuffles/5388636233612194575,shffls.com,False,4,4,below_threshold,https://www.pinterest.com/search/pins/?q=home%20decor%20collage,2026-05-14T12:08:53.559540+00:00,success,
83668505574846382,home decor collage,product_lead,,22,6,6.0,2026-01-30T02:27:20+00:00,False,https://i.pinimg.com/originals/98/3f/88/983f88b232b353607a01830b1790293e.jpg,vibe_library\images\83668505574846382.jpg,https://www.shffls.com/shuffles/5359615171046203733,shffls.com,False,4,4,below_threshold,https://www.pinterest.com/search/pins/?q=home%20decor%20collage,2026-05-14T12:08:53.559540+00:00,success,
9922061675080917,home decor collage,product_lead,,27,9,9.0,2026-01-22T03:38:22+00:00,False,https://i.pinimg.com/originals/49/29/0f/49290f64326e99fb8fdd2563b55f0a01.jpg,vibe_library\images\9922061675080917.jpg,https://www.shffls.com/shuffles/5418482857387541420,shffls.com,False,4,4,below_threshold,https://www.pinterest.com/search/pins/?q=home%20decor%20collage,2026-05-14T12:08:53.559540+00:00,success,
1124492600731226203,home decor collage,product_lead,Affiches Murales Colorées Rétro - Lot de 3 / 20x30cm,25,0,0.0,,True,https://i.pinimg.com/736x/b9/10/a7/b910a7f752997f897f114a02587eb557.jpg,vibe_library\images\1124492600731226203.jpg,https://dopamineretro.com/products/vibrant-flowers-and-vases-canvas-prints-bohemian-minimalist-plant-wall-art-posters-for-modern-living-room-bedroom-home-decor?variant=52403403161947,dopamineretro.com,False,4,3,below_threshold,https://www.pinterest.com/search/pins/?q=home%20decor%20collage,2026-05-14T12:08:53.559540+00:00,success,
